Product Name,Price ,Description,Image URL,Purchase Link,Colonne 6
 Product 1, 10 DT, Description 1, https://cdn.shopify.com/s/files/1/0673/1232/0677/files/IMG_20240902_234624.png?v=1726083415, https://forms.gle/rrKhXL3HtiNReaEV7, 
 Product 2, 10 DT, Description 2, https://cdn.shopify.com/s/files/1/0673/1232/0677/files/IMG_20240902_234624.png?v=1726083415,  https://forms.gle/rrKhXL3HtiNReaEV7, 
 Product 3, 10 DT, Description 3, https://cdn.shopify.com/s/files/1/0673/1232/0677/files/IMG_20240902_234624.png?v=1726083415,  https://forms.gle/rrKhXL3HtiNReaEV7, 
 Product 4, 10 DT, Description 4, https://cdn.shopify.com/s/files/1/0673/1232/0677/files/IMG_20240902_234624.png?v=1726083415,  https://forms.gle/rrKhXL3HtiNReaEV7, 
 , , , , , 
 , , , , , 
 , , , , , 
 , , , , , 
 , , , , , 
 , , , , , 
 , , , , , 
 , , , , , 
 , , , , , 
 , , , , , 