{
  "tiles": [
    {
  "url":"img/a122001323323013311.jpeg",
  "north": 36.6552,
  "south": 36.654098,
  "east": 9.624023,
  "west": 9.62265,
  "zoom": 18
},
  {
    "url": "./img/a122001323323120123.jpeg",
    "north": 36.647487,
    "south": 36.646385,
    "east": 9.632263,
    "west": 9.63089,
    "zoom": 18
  },
  {
    "url": "../img/a122001323323120301.jpeg",
    "north": 36.646385,
    "south": 36.645283,
    "east": 9.632263,
    "west": 9.63089,
    "zoom": 18
  },
  {
    "url": "./a122001323323300122.jpeg",
    "north": 36.645283,
    "south": 36.644182,
    "east": 9.632263,
    "west": 9.63089,
    "zoom": 18
  }
  ]
}